Date,Open,High,Low,Close,Volume
2020-03-11,42.5489,43.1746,37.9251,38.2292,2575810.8331094
2020-03-12,36.5763,37.7933,34.5518,35.7371,2883408.2982713
2020-03-13,36.5262,42.2686,35.7205,37.5798,3351602.5287057
2020-03-16,37.5877,40.5577,35.1036,39.4884,3566754.2602732
2020-03-17,40.838,42.3679,39.0771,40.6896,3503467.1763181
2020-03-18,41.1342,42.2853,38.6659,39.382,2552311.6153901
2020-03-19,39.8996,41.7097,39.2581,41.5454,2258724.4591701
2020-03-20,43.3547,44.1614,42.5164,43.2562,4288261.8411322
2020-03-23,42.7791,43.9144,40.4014,40.903,1677119.6741416
2020-03-24,43.1904,43.2729,40.8539,41.2159,1878852.87328
2020-03-25,43.1253,43.1578,40.8705,42.121,1631901.1203686
2020-03-26,41.7097,43.5199,41.2159,43.5199,1846458.7993597
2020-03-27,43.5199,43.8652,42.3019,42.729,2063086.5581141
2020-03-30,43.0752,43.8819,41.7256,43.1746,1780143.4129033
2020-03-31,43.6016,45.823,43.0752,45.823,3421757.6343051
2020-04-01,44.4249,46.0198,43.6016,45.7246,2372771.1735156
2020-04-02,47.7808,51.5486,47.221,49.525,5057871.7482326
2020-04-03,50.1832,52.5196,49.0153,50.068,9126328.445949
2020-04-06,52.0258,52.6515,50.6102,52.4863,2898324.4804906
2020-04-07,53.3096,55.8755,53.3096,53.3913,3252273.979054
2020-04-08,53.6382,54.6426,51.9933,53.3096,2636333.6379303
2020-04-09,54.2137,54.7735,51.9933,53.3588,2443815.0819161
2020-04-14,54.2963,54.3623,52.684,53.5231,3046916.1487743
2020-04-15,53.9678,53.9678,50.9397,51.0065,2221900.0276257
2020-04-16,49.6401,50.4626,48.7025,49.3606,3938195.3069185
2020-04-17,50.5943,50.8245,49.4925,50.3809,2660601.0270845
2020-04-20,51.0065,51.3518,49.5575,50.923,2091139.0408872
2020-04-21,50.3484,50.3484,47.8791,48.5373,1519950.6605167
2020-04-22,48.5373,50.43,47.3194,50.068,1909140.4504208
2020-04-23,50.5943,50.8413,49.7552,50.561,1785365.8406293
2020-04-24,50.2648,50.5943,49.9863,50.0513,1102453.4687263
2020-04-27,50.5777,50.5777,48.1269,48.8994,1347603.7173688
2020-04-28,49.0478,50.43,47.9126,49.7886,1382933.9132182
2020-04-29,50.1998,50.9898,49.2122,50.5285,2064077.7837732
2020-04-30,50.9898,52.1576,50.7587,51.3026,3028243.3237301
2020-05-04,50.2983,50.4134,48.8994,48.9652,1643169.9108115
2020-05-05,49.1954,50.3149,49.1954,49.7719,1615782.0385837
2020-05-06,49.3606,49.3606,47.3194,48.1594,4220383.9370755
2020-05-07,48.3071,50.3809,47.5506,50.068,1782699.4322262
2020-05-08,50.496,51.9933,50.2323,51.6805,1612996.1368463
2020-05-11,51.6805,52.4213,51.0882,51.763,1093246.7918243
2020-05-12,51.8281,53.4739,51.5979,53.0951,1718150.2710543
2020-05-13,52.8158,52.9309,51.17,51.6146,1384115.1901804
2020-05-14,51.3677,51.6146,49.2614,50.496,1757155.1714423
2020-05-15,51.2851,51.7463,49.6735,49.9028,1170502.0775463
2020-05-18,50.6769,53.1444,50.5943,53.0301,1728852.321683
2020-05-19,53.6875,53.9678,52.2894,52.4863,1652176.2941246
2020-05-20,52.1576,53.3913,51.8615,53.1119,1670813.8401844
2020-05-21,52.8483,53.0301,52.0592,52.3878,993613.24966218
2020-05-22,52.1576,52.2727,51.4169,51.4169,749924.23379379
2020-05-25,52.0592,52.4704,51.7297,51.8773,241873.85521837
2020-05-26,52.8158,54.6918,52.5689,54.1812,1528690.7443989
2020-05-27,54.5433,57.175,54.2963,54.741,2229283.5776554
2020-05-28,54.741,56.5011,54.0495,55.4976,1509687.8901456
2020-05-29,55.1189,55.2673,53.6875,54.922,2939437.0156898
2020-06-01,55.777,55.9422,54.7076,55.6952,742009.2229343
2020-06-02,55.7278,55.9422,54.5433,55.777,1972059.9501188
2020-06-03,55.9422,57.2093,55.7937,56.5669,1872506.0701796
2020-06-04,56.5669,56.8464,55.8095,56.6329,1453981.235714
2020-06-05,56.7155,60.3841,56.6663,59.7918,2987073.8869432
2020-06-08,60.0546,60.4667,58.4755,58.9035,1981861.8176289
2020-06-09,58.8209,59.0511,56.8297,57.1926,1801545.2380972
2020-06-10,57.3402,57.9983,56.8297,57.4878,1864465.875827
2020-06-12,55.1189,55.8262,53.0626,54.5934,2275784.6932168
2020-06-15,53.8359,53.8359,51.5811,51.6146,1995661.5906961
2020-06-16,52.7498,55.3332,52.7498,54.7076,1819641.0810414
2020-06-17,55.1189,55.2841,53.4897,54.3789,1964545.5264373
2020-06-18,54.3789,55.0038,53.3096,54.2137,1930435.3006297
2020-06-19,54.6751,55.0371,53.8517,54.494,7498186.2444688
2020-06-22,54.5433,54.5433,53.4739,53.5723,956809.30268936
2020-06-23,54.1321,55.415,54.1154,54.6092,1168777.9594367
2020-06-24,54.6259,54.6426,52.7173,52.7173,1238801.0533526
2020-06-25,52.6515,53.7701,51.6312,53.1611,1409298.6948978
2020-06-26,53.4739,53.9844,52.3061,52.4213,917595.0044584
2020-06-29,52.4213,53.1444,51.2033,52.3228,1256274.3929265
2020-06-30,52.4863,52.7173,51.1374,51.5153,1419538.7046338
2020-07-01,51.8281,52.0917,50.8413,52.0592,1051438.9192226
2020-07-02,52.3386,53.3096,52.1901,52.256,1546507.769563
2020-07-03,52.5689,52.5846,51.4502,52.1901,538344.78390678
2020-07-06,53.227,53.3755,51.8281,52.6515,1469567.7186373
2020-07-07,52.6515,52.6515,51.9107,52.0917,942745.50625491
2020-07-08,51.9607,52.01,50.3641,50.8079,2215913.9805918
2020-07-09,51.0065,51.1541,50.068,50.3484,1410575.5665275
2020-07-10,50.1832,50.5452,49.3606,50.5285,1037359.1903435
2020-07-13,51.365,51.9336,51.0135,51.3316,789635.85190191
2020-07-14,51.8334,53.589,48.923,48.923,3793278.3431734
2020-07-15,49.7262,49.7262,47.9697,48.1033,4211774.7268451
2020-07-16,48.0031,49.8765,47.4512,49.6585,1969052.1321891
2020-07-17,49.9766,50.1603,48.7052,49.5918,900786.27542968
2020-07-20,49.5417,50.0435,48.6216,49.4916,1067575.0714838
2020-07-21,49.7763,50.7631,49.2745,49.9599,1177731.993289
2020-07-22,50.01,50.177,49.1568,49.1568,763663.69117792
2020-07-23,49.5918,49.6752,48.17,48.1867,923979.36260674
2020-07-24,48.0031,48.3546,47.3678,48.3546,957792.56212611
2020-07-27,48.3546,48.4046,47.3678,47.6182,821680.55007323
2020-07-28,48.0364,49.308,47.6682,47.9363,977356.46603489
2020-07-29,47.9363,47.9697,46.6648,47.0163,869649.72659925
2020-07-30,46.9161,46.9495,44.2229,44.323,1171935.9975583
2020-07-31,44.4909,45.5778,43.7211,44.5576,1285735.7590128
2020-08-03,44.7747,45.0093,43.8546,44.3397,846702.45428138
2020-08-04,44.7412,44.9091,44.0726,44.6412,1301309.7235868
2020-08-05,45.1595,46.4812,44.6578,45.2264,1269447.1104964
2020-08-06,45.2264,45.5945,43.0858,43.7879,1481530.7084511
2020-08-07,43.8714,44.9426,43.8546,44.8581,937917.97554809
2020-08-10,45.1595,45.243,44.0893,44.4909,678187.26405419
2020-08-11,44.7913,45.8116,44.3397,45.5778,1325837.7220131
2020-08-12,45.7447,46.9828,45.4108,46.381,1445423.2369126
2020-08-13,46.5145,48.2711,46.3309,46.5813,1554209.9684842
2020-08-14,46.7149,47.083,45.7948,46.4812,752779.55546833
2020-08-17,46.4144,47.3177,46.0796,47.3177,1086129.5412254
2020-08-18,47.3343,47.3343,44.8248,44.8414,1644189.5872645
2020-08-19,44.9926,44.9926,43.9724,43.9724,1256582.7995322
2020-08-20,43.9724,45.8116,43.7378,44.8925,957622.99539454
2020-08-21,45.2931,45.3775,44.156,44.3397,751987.48536651
2020-08-24,44.6912,44.9926,44.0058,44.4742,868666.4671625
2020-08-25,44.9091,46.1463,44.7747,44.9091,1504423.3552447
2020-08-26,44.8248,45.9627,44.6077,45.3941,1277692.150565
2020-08-27,45.5945,45.6446,44.5075,45.0761,667382.79056749
2020-08-28,44.8414,45.0594,43.671,43.838,1418884.3363744
2020-08-31,44.0726,44.6578,42.3495,42.3495,2392765.253428
2020-09-01,42.534,43.0357,41.396,42.0823,1294525.9162923
2020-09-02,42.4505,42.751,41.7053,42.0656,1106658.4960629
2020-09-03,42.2826,42.8178,41.9821,42.2326,853872.05434102
2020-09-04,41.9144,42.8345,41.8143,42.0489,678816.59561498
2020-09-07,42.6509,42.6509,41.8143,42.1825,385302.27342735
2020-09-08,42.3661,42.5006,40.0253,40.2256,1462374.2199108
2020-09-09,40.3925,41.6641,40.3012,41.346,2316093.7779965
2020-09-10,41.6474,41.8811,40.3925,41.1623,841673.49195383
2020-09-11,41.3627,41.4048,40.6606,41.4048,779631.41473932
2020-09-14,41.9821,42.0489,40.8108,40.903,585857.60969884
2020-09-15,40.9777,41.3213,40.3178,40.6438,917555.17334695
2020-09-16,40.7528,40.7528,39.7485,39.8908,914996.87796059
2020-09-17,41.346,41.7142,39.7651,41.7142,1557070.9803175
2020-09-18,41.7229,41.7229,40.2335,40.2335,1982855.3193515
2020-09-21,40.2423,40.6351,38.687,38.8873,1173704.4989063
2020-09-22,38.9295,39.1386,37.4656,37.9673,1501156.0660746
2020-09-23,37.6747,38.687,37.6501,37.7748,1039538.5211553
2020-09-24,37.6334,37.7001,36.6712,36.8549,1182104.3112936
2020-09-25,36.8804,37.5825,36.8381,37.1563,1009433.0290954
2020-09-28,37.6334,39.0297,37.2064,38.8873,1115798.0290913
2020-09-29,39.0209,39.1386,37.6501,37.767,1022656.9580943
2020-09-30,37.7582,38.5525,37.4989,38.3443,1077054.8760071
2020-10-01,38.7371,38.846,37.5156,37.5156,905810.68563021
2020-10-02,37.332,37.3487,36.5456,36.7468,1423600.3399692
2020-10-05,37.4656,39.0042,37.4656,38.4691,1170090.1100508
2020-10-06,39.2888,39.4726,38.6782,39.1298,966293.65933969
2020-10-07,39.1052,39.1967,38.5947,39.1052,811817.22884833
2020-10-08,39.2388,39.2634,38.4444,39.0209,991658.11110624
2020-10-09,38.8038,38.8038,37.5745,38.3275,1498117.5212875
2020-10-12,38.4523,38.6202,37.2819,37.3821,1372847.5377692
2020-10-13,37.3987,37.6334,36.0939,36.7468,1698782.1086075
2020-10-14,36.7969,36.847,35.8101,36.2116,2128100.0362422
2020-10-15,35.7934,35.919,34.0869,34.1203,1881957.423909
2020-10-16,34.137,35.5007,33.4683,35.2082,1451510.5687728
2020-10-19,35.9023,36.2951,35.3585,35.6598,1511009.1450138
2020-10-20,35.6255,36.0271,34.6555,35.5007,1037610.6953615
2020-10-21,35.5342,36.0438,34.9569,34.9569,794826.41473874
2020-10-22,34.7064,35.2829,34.2881,34.9902,1013823.5556081
2020-10-23,35.1405,35.7099,34.7398,34.9234,1641137.3860962
2020-10-26,34.5218,34.7731,33.5518,33.5518,994397.35354172
2020-10-27,33.6186,33.7021,31.8542,32.3225,2264493.1421387
2020-10-28,31.7794,32.6151,31.1098,31.5615,1581602.3928391
2020-10-29,33.2003,33.2346,31.5615,32.6072,2309308.8326703
2020-10-30,32.5905,32.5905,31.4025,31.8629,1810212.4879471
2020-11-02,32.2135,32.6072,31.7794,32.5404,1479424.2116716
2020-11-03,32.783,35.8601,32.6986,35.7679,3515344.8137503
2020-11-04,35.6255,35.7266,33.6352,34.296,1987284.5389439
2020-11-05,34.4472,34.8733,33.8031,34.1036,1837367.0636651
2020-11-06,34.0535,34.1036,32.4147,32.9999,1559971.8232623
2020-11-09,33.5518,37.9673,33.05,37.7502,4855184.878483
2020-11-10,38.4691,41.6385,37.7169,40.092,4667301.525809
2020-11-12,39.991,40.9777,38.1184,39.2388,3177118.3619209
2020-11-13,39.1799,39.1799,37.8003,38.2687,1405753.7259795
2020-11-16,39.172,41.5472,38.9796,41.4804,3262237.4470734
2020-11-17,41.8064,43.3863,40.9866,42.1157,4217627.6241636
2020-11-18,42.1157,43.8714,41.6886,43.8213,2133264.4243487
2020-11-19,43.1526,43.3028,41.8477,42.0489,1909734.5029972
2020-11-20,42.0656,42.1825,40.4347,41.8477,3246305.0024964
2020-11-23,43.3195,44.2229,42.316,43.939,2084756.9588023
2020-11-24,44.323,45.4777,44.2562,45.1763,2483465.2463095
2020-11-25,45.5945,46.1631,44.4909,44.7412,2257144.8710935
2020-11-26,44.758,45.3098,44.4574,45.1595,861139.52513163
2020-11-27,44.9926,44.9926,43.9891,44.758,1026356.6993314
2020-11-30,44.156,48.5715,42.3828,46.2799,9190882.1592479
2020-12-01,47.6682,48.0698,46.6648,47.6516,2805347.2860664
2020-12-02,47.8695,47.8695,46.2131,47.0997,1929125.4260791
2020-12-03,47.25,47.4846,46.3976,46.3976,1751284.0656156
2020-12-04,47.1832,48.17,46.5646,48.0865,1985883.6218529
2020-12-07,48.2034,50.0601,47.5681,49.8431,3161783.3840155
2020-12-08,49.7596,50.7464,49.1735,50.177,2543330.2687757
2020-12-09,50.177,52.2683,50.0935,51.5987,3074807.0310381
2020-12-10,51.6488,52.1514,50.2613,51.8334,2574135.6503653
2020-12-11,51.9336,51.9336,49.9766,51.7999,2558034.7770885
2020-12-14,51.8835,52.8535,50.3615,50.8967,1392835.9275228
2020-12-15,50.177,50.5452,49.3914,50.0935,1371549.0435362
2020-12-16,50.1436,51.4318,49.9433,50.2279,1198015.1332673
2020-12-17,50.445,50.9301,47.5848,48.923,2760363.1668351
2020-12-18,48.5048,49.7086,48.4213,48.9064,2380298.1155465
2020-12-21,48.0031,48.0698,44.758,45.8625,2514571.0682825
2020-12-22,45.946,47.25,45.3608,47.0497,1313418.3814653
2020-12-23,47.4512,48.5048,47.1165,48.0197,853598.9267197
2020-12-28,48.9731,50.1269,48.923,49.8431,991663.80126501
2020-12-29,50.177,51.0135,49.2068,49.5082,1016180.4193737
2020-12-30,49.5082,49.5918,48.17,48.2711,1736194.9025695
2021-01-04,49.2912,50.6963,49.0232,49.3246,1229397.4969569
2021-01-05,49.09,50.3281,48.5883,49.8431,1744441.0806698
2021-01-07,51.365,52.6022,50.8466,52.6022,2551715.2867502
2021-01-08,52.6866,54.3421,52.4687,53.5056,2421154.5936007
2021-01-11,53.5223,53.69,52.2683,53.0372,1427733.6713052
2021-01-12,53.5223,53.9405,52.1005,52.9036,1643847.0397061
2021-01-13,53.4221,53.4722,51.1137,51.2982,1459340.2272506
2021-01-14,51.0135,52.1005,50.3448,51.7999,1071586.6334219
2021-01-15,51.4151,51.5821,49.5751,50.2279,1530769.9284162
2021-01-18,50.01,51.6664,49.0066,51.5987,1402049.4326153
2021-01-19,52.1849,52.4352,50.5952,50.7297,949974.28396584
2021-01-20,50.7631,51.1814,49.8597,50.5786,1040130.2976682
2021-01-21,50.5952,51.097,49.8431,50.278,1139247.1734133
2021-01-22,49.7596,50.2613,48.5883,49.9098,1777079.8314175
2021-01-25,50.177,50.3615,48.0865,48.4213,1240485.3403507
2021-01-26,48.1366,49.8932,47.3177,49.0066,1287057.013881
2021-01-27,49.09,49.6585,47.5848,47.8361,1670104.8464007
2021-01-28,47.3343,48.9731,46.9996,48.5048,1536304.1768432
2021-01-29,48.0865,48.1533,46.8326,46.8493,3015463.2271158
2021-02-01,47.25,48.7218,47.0329,47.8194,1440809.6561758
2021-02-02,48.5215,49.7429,48.4213,49.3747,1403640.4010095
2021-02-03,49.5082,50.177,48.7052,49.2745,1010758.8360905
2021-02-04,50.177,50.6963,48.9064,48.9064,1319900.6103447
2021-02-05,49.4916,50.0768,48.9731,49.1234,876279.89960678
2021-02-08,49.692,50.3949,48.8396,50.1436,1700216.0286194
2021-02-09,50.2613,51.6154,49.525,50.5285,2218144.5228326
2021-02-10,50.8967,51.2648,49.1401,49.7086,1199018.8772756
2021-02-11,49.8431,50.3448,49.1735,49.7086,1117564.2543758
2021-02-12,49.7086,50.0267,48.8062,49.9766,688236.08445524
2021-02-15,50.7965,51.2147,50.177,50.4951,967963.151925
2021-02-16,50.8299,51.6831,50.5117,51.5153,1850660.412601
2021-02-17,51.5153,52.1005,50.7965,51.1304,1381407.8126341
2021-02-18,51.0803,51.4819,49.3581,49.3581,1534561.8502255
2021-02-19,49.6084,50.9467,49.5082,50.7464,1339215.285299
2021-02-22,50.4283,50.5618,49.6419,49.7763,834640.45570485
2021-02-23,50.0935,51.3817,49.1568,49.9433,1660535.1373687
2021-02-24,50.1937,50.4617,49.5417,50.1436,1764060.7481346
2021-02-25,51.0135,51.3983,50.0935,50.1102,1676119.3442285
2021-02-26,48.7218,49.7596,48.5883,49.2068,2356594.0521112
2021-03-01,50.177,50.5952,49.525,50.5117,1314019.2622322
2021-03-02,50.5117,51.147,49.9265,50.9301,1260763.9282019
2021-03-03,50.9467,51.6322,50.3281,50.3448,1424826.0001699
2021-03-04,50.177,51.6831,49.8431,51.4151,1940593.3720793
2021-03-05,51.0302,54.2752,51.0302,53.3219,3731460.4582147
2021-03-08,54.2752,56.3657,54.0239,55.7471,3923670.6076231
2021-03-09,55.7972,56.784,55.4458,56.0819,2443563.5768982
2021-03-10,56.7006,58.4395,56.299,58.0722,2867530.4792186
2021-03-11,58.2057,59.2927,56.4993,57.269,2205692.1793639
2021-03-12,57.2022,58.1056,56.3824,57.8042,1221608.8076223
2021-03-15,57.7875,58.7075,57.1355,57.1689,1012313.3874685
2021-03-16,57.219,57.7875,55.1953,55.5801,1700829.4277356
2021-03-17,55.1786,55.3288,52.2683,54.6435,3751881.3000354
2021-03-18,54.4422,55.5969,53.69,54.4756,1312645.6579033
2021-03-19,52.7867,54.1251,52.7533,53.2551,2351644.7520066
2021-03-22,52.6866,54.2752,52.4019,53.589,873406.36942415
2021-03-23,53.69,53.7401,52.1005,52.72,1072715.5609234
2021-03-24,52.1849,53.2551,51.85,52.5354,1297830.7605103
2021-03-25,52.4352,52.8368,51.4318,51.7666,1303180.6477929
2021-03-26,52.1681,53.5556,51.6831,52.72,1374548.8952437
2021-03-29,52.6866,54.7604,52.6866,53.6066,1236033.3601232
2021-03-30,53.8403,54.5257,53.1382,54.0073,1147535.4586886
2021-03-31,54.2586,54.3253,52.9871,53.0706,1352827.2831265
2021-04-01,53.104,53.9906,53.0872,53.69,1046692.1887704
2021-04-06,53.5389,55.5292,53.5389,55.3622,2159803.3248869
2021-04-07,55.5969,56.6838,55.3789,55.5292,2257101.6258868
2021-04-08,56.0986,56.132,53.9906,54.0239,1464485.2688172
2021-04-09,54.1083,54.6935,53.3553,54.0407,936683.21109337
2021-04-12,54.0073,54.5091,53.1216,54.1918,755317.3662831
2021-04-13,54.3087,54.3087,53.1382,53.1549,1069892.104138
2021-04-14,53.4387,54.8605,53.2718,54.8605,985412.59283206
2021-04-15,55.0951,56.5669,54.9774,56.3491,2371084.610454
2021-04-16,56.3491,56.6337,55.5125,56.1654,1162474.401543
2021-04-19,56.0318,56.5669,55.2788,55.4123,1181844.8400534
2021-04-20,55.5125,56.3824,55.1119,55.3622,1195143.8791481
2021-04-21,55.1285,55.6971,54.8605,55.5468,819236.05786242
2021-04-22,55.6136,56.5336,55.6136,55.9809,1625119.5891376
2021-04-23,55.8306,55.9308,54.9607,55.6136,1100379.9748678
2021-04-26,55.7638,55.9809,55.0274,55.8306,778266.91466448
2021-04-27,55.9641,56.0819,55.3789,55.9641,1311670.3646889
2021-04-28,56.1153,56.3324,55.4958,56.1654,1155606.3798986
2021-04-29,56.617,57.5872,56.4493,56.4493,1635951.3753864
2021-04-30,57.0687,57.0687,55.7805,55.7972,1071071.1050367
2021-05-04,56.1821,57.0521,55.6971,56.132,1853214.1558604
2021-05-05,56.5669,57.8376,56.3156,57.7541,1543730.9720796
2021-05-06,57.9544,59.3762,57.219,57.6205,2489583.305027
2021-05-07,58.5406,58.8745,57.9211,58.5572,1320872.4894638
2021-05-10,58.7909,60.631,58.7909,60.0291,1723104.123286
2021-05-11,59.979,60.4641,59.1592,60.3797,1469275.2444761
2021-05-12,60.3797,61.8524,59.4272,61.2163,2125504.185808
2021-05-13,60.631,62.2531,59.8278,61.8858,2377212.9114573
2021-05-14,62.5044,64.2776,62.3032,63.9429,1805672.8792744
2021-05-17,64.3946,65.1467,63.123,63.9429,1716648.0691371
2021-05-18,64.5114,64.8128,63.8092,64.2267,1236882.3318128
2021-05-19,63.8092,63.826,62.3542,62.8893,1876272.9552903
2021-05-20,62.8893,64.3611,62.5545,64.311,1027374.0997208
2021-05-21,64.3946,64.7961,63.5579,63.5579,915745.70285571
2021-05-24,63.5579,64.0263,63.1397,63.3076,800106.88208425
2021-05-25,63.9094,63.9094,62.7715,63.6248,1421477.9107452
2021-05-26,63.6581,64.1933,63.2232,64.1933,942867.27565275
2021-05-27,64.1265,65.833,63.6916,65.4648,2408062.6762854
2021-05-28,65.5316,66.8865,65.5316,66.8531,1174132.3988464
2021-05-31,67.0034,69.1448,66.7362,68.4085,1260276.8506106
2021-06-01,68.4085,70.4488,67.9067,68.3083,1485633.3129296
2021-06-02,68.3249,69.0103,67.1703,67.89,1221448.3451447
2021-06-04,68.1237,68.8768,67.7231,68.1914,810970.53322224
2021-06-07,68.3918,69.6967,68.0069,68.1914,639628.47211439
2021-06-08,68.158,68.3083,67.2214,67.7397,894170.89683497
2021-06-09,68.158,68.4251,65.9833,67.1369,1664464.7610204
2021-06-10,66.9032,69.2283,66.5517,69.2283,1329815.1429986
2021-06-11,69.0103,69.0771,67.6554,68.0235,731778.31745237
2021-06-14,68.3918,69.4955,68.2248,69.4955,848604.10534481
2021-06-15,69.7634,69.9304,68.5588,68.8935,912080.10257125
2021-06-16,68.7933,69.6967,67.6554,67.6554,1193366.273546
2021-06-17,67.4718,68.8101,67.3215,68.0736,1034354.786509
2021-06-18,67.9401,68.0736,65.1801,65.6651,3653339.1303268
2021-06-21,65.4981,66.4516,64.0431,66.1334,1020048.5893107
2021-06-22,67.1203,67.5553,66.2346,66.4683,1013279.576429
2021-06-23,66.8531,67.0702,66.5184,66.6519,579510.80659843
2021-06-24,66.8865,66.9867,66.0166,66.7697,1036169.947159
2021-06-25,66.8865,67.238,66.0833,66.3848,762513.14107311
2021-06-28,66.318,66.3848,65.7494,66.0667,416304.53451064
2021-06-29,65.6651,65.6985,63.3242,64.3946,1519937.0041356
2021-06-30,64.4613,64.8128,63.4411,64.21,1241202.3003567
2021-07-01,64.3778,66.2178,64.2267,65.0799,1087299.4378701
2021-07-02,65.6484,66.0667,64.7451,64.7451,581056.2537224
2021-07-05,64.9798,65.5149,64.7451,65.0632,533962.22361636
2021-07-06,65.3145,65.6484,63.1564,63.29,810140.90807248
2021-07-07,63.29,63.8092,62.4376,62.7214,1701368.8547877
2021-07-08,62.7214,62.7715,60.4807,61.3498,1821028.3417514
2021-07-09,61.6512,62.6213,61.0826,62.3374,1232096.9082809
2021-07-12,62.4043,63.3076,61.9359,63.1397,834788.39983306
2021-07-13,63.391,63.4077,62.1362,62.2364,679961.45556101
2021-07-14,62.7214,63.1898,62.5545,62.9561,631893.27027227
2021-07-15,62.3199,63.1397,61.8181,61.9526,1144451.3926312
2021-07-16,61.9692,62.5378,61.8858,61.986,768809.87077629
2021-07-19,61.986,62.153,59.4773,59.9456,1632721.6412643
2021-07-20,60.2128,61.1494,59.5775,60.631,1345926.2585611
2021-07-21,61.2285,62.2126,60.8067,61.8963,938385.7065996
2021-07-22,62.0721,62.283,60.3674,60.385,1165699.5835381
2021-07-23,60.3322,61.0704,60.1213,60.9824,731234.33827324
2021-07-26,60.9824,62.2654,60.1037,61.8085,839758.18450932
2021-07-27,61.8436,61.9667,60.8243,61.0176,613674.51989849
2021-07-28,61.2285,63.232,61.2285,62.863,1054625.408138
2021-07-29,64.6379,65.2706,63.7417,63.7417,2130753.9262961
2021-07-30,63.7417,64.2513,63.4604,64.0932,1276244.574172
2021-08-02,64.8488,64.8488,63.2847,63.478,741864.69290135
2021-08-03,64.6906,65.7802,63.8471,64.7434,1619728.7327118
2021-08-04,65.0245,65.5517,64.4446,64.9543,739711.53681995
2021-08-05,65.2706,65.833,64.6204,65.6397,811219.76217669
2021-08-06,65.4639,65.5869,64.3391,65.0245,807768.11186226
2021-08-09,64.9191,64.9367,64.0756,64.0756,416694.87940278
2021-08-10,64.058,65.13,63.9701,64.9719,594967.55390161
2021-08-11,64.8312,65.7275,64.761,65.4639,733181.5106069
2021-08-12,65.4639,66.6414,65.2178,66.4129,729795.86613429
2021-08-13,66.571,66.571,65.3234,65.9032,528671.51398505
2021-08-16,65.5869,66.4305,64.8839,65.0069,527780.43512049
2021-08-17,64.9191,65.2178,64.6028,65.2003,544633.54738767
2021-08-18,65.2003,65.2003,64.1634,64.4797,499015.54446851
2021-08-19,63.7065,63.7065,61.3691,62.16,1516176.9472155
2021-08-20,62.1424,62.8278,61.5976,62.7575,659094.50529219
2021-08-23,63.0563,64.0756,63.0563,63.7065,1016596.9389962
2021-08-24,64.1458,65.4463,63.9877,65.3408,967131.25071173
2021-08-25,65.2882,65.2882,64.4621,65.2354,478755.16512537
2021-08-26,65.0245,65.0245,63.8822,63.8822,513794.02484542
2021-08-27,64.0404,64.7258,63.5308,64.6379,363309.80975235
2021-08-30,64.6379,65.13,64.4271,64.9894,499568.62790169
2021-08-31,64.9894,65.7978,64.304,65.2882,2047115.4204575
2021-09-01,65.4639,65.6045,64.7082,64.7082,603396.95511459
2021-09-02,64.6204,64.9367,63.2671,64.5852,909990.67626816
2021-09-03,64.7961,65.6221,64.4446,65.3408,679088.58520454
2021-09-06,65.2706,65.4639,64.7258,65.4639,307512.11278026
2021-09-07,65.376,66.2899,65.1476,66.0438,833161.0144227
2021-09-08,65.8856,66.6062,64.9543,66.0614,1047724.3835726
2021-09-09,65.6748,66.0614,65.253,65.5517,738020.42163127
2021-09-10,65.7627,65.9032,65.1124,65.4991,600935.39242744
2021-09-13,65.8681,67.6431,65.376,67.6431,1250806.1503413
2021-09-14,67.6607,70.9295,67.4322,70.7362,2299313.4997617
2021-09-15,70.4725,70.5605,69.0314,69.6817,1631568.815096
2021-09-16,69.5762,69.5938,67.5377,67.7486,1144652.8242519
2021-09-17,67.854,68.3285,66.3602,66.8523,2775310.0759118
2021-09-20,65.9912,66.3778,63.7241,65.2178,1282644.8647649
2021-09-21,65.2178,66.7644,65.2178,65.956,905930.17896454
2021-09-22,66.3426,68.346,66.3426,68.1001,689145.37182788
2021-09-23,68.8909,69.0314,66.8875,67.1686,845244.63560258
2021-09-24,67.2389,69.3303,66.9753,69.3303,1793557.3932054
2021-09-27,69.506,70.6307,69.4533,70.1386,1807307.0928753
2021-09-28,70.1738,70.1914,68.8381,69.9101,1157368.0530561
2021-09-29,69.6466,70.4198,69.0138,70.2968,974748.09725128
2021-09-30,70.2968,72.353,70.1562,72.0718,3014160.1807558
2021-10-01,71.404,72.1772,70.824,71.4567,934101.01704015
2021-10-04,71.1755,72.5814,71.0877,71.9839,1168816.6525164
2021-10-05,72.0542,72.0542,70.5955,72.0191,991499.92469222
2021-10-06,71.7203,71.9839,70.3847,71.6676,1466256.0462288
2021-10-07,71.6852,71.7027,70.4198,70.9295,953526.08107475
2021-10-08,71.1579,74.1631,71.0701,74.005,2372048.5233509
2021-10-11,74.4443,76.9398,73.4074,76.8344,2007152.2973314
2021-10-12,76.6235,77.4671,76.0084,77.3617,1714636.0289933
2021-10-13,77.3617,78.6094,74.8485,76.4478,1495075.562405
2021-10-14,77.2386,78.996,76.4478,78.4688,1622017.3145721
2021-10-15,78.7324,80.1384,78.6445,79.6111,1362915.934639
2021-10-18,79.5232,79.8747,78.0822,78.5919,963202.76509175
2021-10-19,78.3458,79.8396,77.1859,77.801,1323478.5821839
2021-10-20,77.801,79.1717,77.6956,79.1191,881325.93241066
2021-10-21,78.8203,78.8203,76.5708,76.975,1408865.104799
2021-10-22,76.5356,77.0453,75.4461,75.9557,1032025.2355055
2021-10-25,76.0611,78.6797,76.0611,78.6797,970910.65417174
2021-10-26,78.7324,79.5936,78.1525,78.6445,840178.1182271
2021-10-27,78.6445,78.6445,76.8344,78.293,938747.60069785
2021-10-28,79.2597,79.576,76.6763,76.852,1482956.6622407
2021-10-29,76.852,77.8713,75.0418,75.6218,1423176.9921561
2021-11-02,75.6218,78.17,75.4461,76.9223,1857949.505995
2021-11-03,76.8696,77.678,75.6569,76.4478,1017614.3393856
2021-11-04,76.8696,78.4688,76.7113,78.2052,1227223.8563039
2021-11-05,78.1173,78.381,77.0278,77.7307,505172.29626576
2021-11-08,78.2052,78.9082,76.6939,77.0628,697779.61875685
2021-11-09,76.9047,77.6428,75.8854,77.3617,1164917.7557221
2021-11-10,77.2211,78.4688,76.9574,77.2035,1030142.9309819
2021-11-12,76.975,77.5374,75.2,75.3757,1499460.398759
2021-11-15,75.1824,76.0787,69.752,72.7924,2140719.670379
2021-11-16,72.3354,73.7765,71.6149,73.3372,1826452.2010981
2021-11-17,73.5481,73.6183,70.9998,71.1755,1160628.5140356
2021-11-18,70.7362,70.7362,68.5394,69.0666,1456923.0478019
2021-11-19,69.4181,70.7362,67.0456,67.854,1338249.0963386
2021-11-22,67.8364,70.5253,67.4849,69.5762,1220166.921388
2021-11-23,69.7344,70.3671,68.926,69.6817,1576766.89591
2021-11-24,70.2616,71.8785,69.3829,70.2968,875700.64144323
2021-11-25,70.3144,70.7362,68.7327,69.0842,735896.85437551
2021-11-26,67.6431,67.6431,64.4446,64.7082,1537662.9867593
2021-11-29,64.6555,65.6923,62.652,62.9332,1525294.8576405
2021-11-30,62.1951,63.7592,60.8067,62.652,1779565.2927715
2021-12-01,64.181,65.8506,63.8822,65.7275,1249728.4342689
2021-12-02,65.2003,65.4639,64.0052,64.673,995939.38657042
2021-12-03,65.2003,66.571,64.6028,64.8136,1674903.9263136
2021-12-06,65.0245,66.3426,64.058,64.6379,791906.22525413
2021-12-07,65.4815,67.1334,65.4815,67.1158,1067235.9380206
2021-12-08,67.3092,67.8012,65.9032,65.9032,1013561.8083043
2021-12-09,66.5184,66.7117,63.7065,64.7785,1002874.5520884
2021-12-10,64.3216,65.4639,64.1458,64.5852,310727.05248954
2021-12-13,64.9894,66.0966,64.7082,65.1827,1213082.6737101
2021-12-14,65.1124,66.0438,64.0404,65.8154,1175078.1032352
2021-12-15,65.6397,65.6397,62.8278,63.1441,1303955.6474184
2021-12-16,64.2337,65.6923,63.6538,65.6923,1079466.365297
2021-12-17,64.7082,65.0245,63.4428,64.058,2266057.9358025
2021-12-20,63.2671,63.2671,61.2109,62.3708,1321646.3510576
2021-12-21,63.2671,63.7943,62.775,62.9156,934491.36193228
2021-12-22,62.9508,63.7241,62.8278,63.7241,528392.69620495
2021-12-23,63.8822,64.4973,63.355,64.1458,605035.7208425
2021-12-27,64.1282,64.3919,62.6696,62.9156,536938.17665699
2021-12-28,62.9332,64.304,62.9332,63.8998,880420.05913328
2021-12-29,64.0052,64.9719,63.8998,64.9719,377776.46942824
2021-12-30,65.2003,65.3234,64.6555,65.3234,447464.98200794
2022-01-03,65.4639,66.5008,65.0245,66.0438,644305.78262949
2022-01-04,66.536,67.0983,65.8856,67.0983,935587.28651283
2022-01-05,67.1334,69.506,66.8523,69.4357,1926086.881292
2022-01-07,68.9788,71.3161,68.0121,70.1738,1825148.0167063
2022-01-10,70.3144,70.4198,68.2934,68.3812,1125134.4416134
2022-01-11,68.803,69.7696,67.1686,69.5411,1506146.3353225
2022-01-12,69.8047,72.4409,68.557,72.23,2755511.7374614
2022-01-13,72.23,73.5129,70.8768,71.5622,1660619.3517186
2022-01-14,71.5622,72.9329,71.5094,72.1948,1205767.4055857
2022-01-17,72.0894,72.23,71.404,71.6676,472871.54094945
2022-01-18,71.65,72.2651,69.8575,70.2968,878989.55321662
2022-01-19,69.8575,71.4567,69.1369,71.0525,1420370.6058471
2022-01-20,71.0877,71.1755,69.4708,70.9646,628415.44522746
2022-01-21,69.8926,70.2265,67.3092,68.346,1423054.0847265
2022-01-24,68.0121,68.7151,63.2671,63.9701,1593711.0507176
2022-01-25,64.3216,65.8681,64.058,65.4112,1332504.3120368
2022-01-26,66.079,66.7995,64.5852,65.4288,913848.6039193
2022-01-27,64.5676,65.9032,62.9156,64.8488,1830353.3739559
2022-01-28,65.0421,65.0421,62.2654,63.0738,2142529.1408702
2022-01-31,64.0756,64.3391,62.0369,62.3884,1989372.8272152
2022-02-01,62.8278,63.5659,62.3006,63.0211,806642.59845608
2022-02-02,63.355,64.2513,62.2654,62.652,1365193.1361817
2022-02-03,62.652,63.0563,62.1072,62.529,1103911.2874051
2022-02-04,62.5465,62.6169,60.4552,60.5607,1438629.1873323
2022-02-07,61.0528,61.4219,59.102,60.1917,1276078.4215357
2022-02-08,60.4552,63.0035,60.0862,62.9156,1543908.5050335
2022-02-09,63.3198,64.8488,62.5465,64.3743,1667848.1294295
2022-02-10,64.3743,64.6555,62.3006,62.5817,1039325.709217
2022-02-11,62.2126,63.0387,61.7733,62.9332,875826.96296809
2022-02-14,61.2813,62.5465,59.7874,62.0193,1394958.3567468
2022-02-15,62.5817,64.4095,62.5115,64.3919,1718987.8624264
2022-02-16,64.4271,66.3426,64.4271,64.7785,1596108.8836264
2022-02-17,64.5852,64.6379,62.5465,63.0738,1010581.3031367
2022-02-18,63.0387,63.5308,62.283,62.3533,758655.21342197
2022-02-21,62.8102,63.2671,59.4183,59.8578,985899.67042341
2022-02-22,58.522,61.4921,57.2392,61.2461,1615154.9830864
2022-02-23,61.4043,62.8278,59.928,59.928,1267082.2805085
2022-02-24,57.0459,57.907,53.7243,55.3236,2984248.1540943
2022-02-25,55.886,61.9491,55.8157,61.3867,2858757.3924154
2022-02-28,60.1565,63.0035,59.0493,62.4411,3363141.0326746
2022-03-01,62.5641,66.0087,62.5641,64.1634,2025565.6511354
2022-03-02,64.2337,68.0649,63.355,68.0649,3015471.1933381
2022-03-03,69.4181,71.3513,68.3988,69.506,3014196.597772
2022-03-04,68.5218,69.1369,64.761,65.3936,2185925.7058026
2022-03-07,64.1458,69.0666,64.1458,68.2758,2586028.0822102
2022-03-08,68.2758,69.9101,67.0632,67.9946,1698206.2645392
2022-03-09,69.5236,70.2616,64.2337,65.0597,2196088.3293792
2022-03-10,65.2178,66.2723,64.4973,65.6045,1471058.540237
2022-03-11,65.6045,68.3636,65.2003,68.1879,1558216.9782953
2022-03-14,67.6782,68.0297,64.8488,64.8488,2002820.94847
2022-03-15,65.2003,66.5535,64.4973,65.9032,1488566.0207636
2022-03-16,66.9753,66.9929,64.7082,65.4463,1555730.3789096
2022-03-17,66.079,67.5201,65.6397,67.3443,1530563.9446685
2022-03-18,67.5904,68.4866,65.4991,65.7099,2773750.9724067
2022-03-21,65.833,68.5394,65.8154,68.5394,1048172.7680843
2022-03-22,68.6273,68.9436,67.5904,68.5745,1137017.7692043
2022-03-23,68.9788,69.5587,68.3285,69.3829,771921.24959582
2022-03-24,69.3829,69.5938,67.4147,68.7503,1010070.3268784
2022-03-25,68.7503,69.3829,67.5025,68.2406,1020827.0030314
2022-03-28,67.4849,69.1194,67.3268,67.977,918033.14668426
2022-03-29,68.5218,68.5745,65.6045,66.3426,1783599.6153448
2022-03-30,66.905,67.0807,65.7451,66.448,1333258.8270907
2022-03-31,66.6238,67.7662,66.3426,66.7995,1596954.4412207
2022-04-01,67.4147,67.6255,66.4832,67.2038,934627.92574294
2022-04-04,67.6607,69.6466,67.4497,69.4181,1721438.0447959
2022-04-05,69.506,69.7168,67.0456,67.0456,1101017.2726509
2022-04-06,67.0456,67.6607,65.7451,67.6607,906216.96296692
2022-04-07,67.6607,67.6782,65.2003,65.2003,974214.36035796
2022-04-08,65.9032,67.0632,65.8154,66.7819,999000.69199271
2022-04-11,67.1334,69.1545,66.6062,69.1545,1340981.5105835
2022-04-12,69.0666,71.0877,67.5201,70.6307,1965675.5919705
2022-04-13,71.0877,71.8961,69.4357,71.7027,1605206.3094799
2022-04-14,71.7907,72.1421,70.4901,71.2458,691979.07089907
2022-04-19,71.2458,71.7555,69.9277,70.8064,937970.32500884
2022-04-20,70.8064,71.6324,69.8047,69.8047,579935.29244323
2022-04-21,70.1211,70.6483,68.8206,68.8733,1055387.8894141
2022-04-22,68.7151,68.7503,66.8699,66.8699,831821.55104648
2022-04-25,65.9208,66.3426,64.0756,64.0756,1487616.9022795
2022-04-26,65.5693,67.5553,64.7258,65.0421,1804697.58606
2022-04-27,65.1124,66.8523,64.9015,65.9208,1401212.979275
2022-04-28,66.7819,67.854,65.6221,66.7819,952322.04347743
2022-04-29,67.4849,68.1879,65.9032,66.1845,1169959.236399
2022-05-02,66.1669,66.3602,63.0035,63.6713,705116.50948455
2022-05-04,64.1458,65.8154,63.3902,65.0245,1091927.8130197
2022-05-05,65.8856,65.8856,63.2847,63.7065,1230759.7209682
2022-05-06,63.2671,65.8154,61.9491,65.8154,1506088.295703
2022-05-09,65.0949,67.1686,64.6379,66.2723,1174497.7070399
2022-05-10,66.3602,67.3971,63.4077,65.0245,1942414.2228881
2022-05-11,65.7275,66.1317,63.4253,63.4253,1504311.8281326
2022-05-12,62.3708,62.6872,60.877,61.5097,1806775.6320455
2022-05-13,62.2126,64.8839,62.2126,64.5852,1116398.9098582
2022-05-16,64.1458,65.3936,63.9701,64.8839,709496.79371146
2022-05-17,65.3584,66.2021,63.9701,64.0052,1020246.6068361
2022-05-18,64.1458,65.4112,64.0404,64.1986,1164803.9525465
2022-05-19,63.2671,63.4428,61.9842,62.7399,1053192.6261578
2022-05-20,63.0914,63.6186,61.5624,61.5624,1187092.304478
2022-05-23,62.3181,64.4621,62.3181,63.8295,916387.55276581
2022-05-24,62.8278,63.7943,62.4763,63.0211,995997.42618995
2022-05-25,63.6186,63.6186,62.4939,62.6872,959424.4996635
2022-05-26,62.6872,63.2495,62.2126,62.9156,633591.21365147
2022-05-27,62.9508,63.232,61.5273,61.8612,921649.81160324
2022-05-30,62.3884,64.1282,62.3006,64.058,757031.24210688
2022-05-31,64.058,67.1334,63.4253,64.9367,3176313.7734697
2022-06-01,64.9367,64.9367,63.355,63.4253,562129.6475967
2022-06-02,63.2671,63.6538,62.0721,63.1265,887619.24801857
2022-06-03,62.4939,64.181,61.9491,64.1458,1405177.8819112
2022-06-06,64.7082,65.8681,64.0756,64.5852,792480.93129065
2022-06-07,64.5852,65.253,64.0052,65.0597,1103134.0117161
2022-06-08,65.1124,65.7802,64.1634,64.4446,850188.24554847
2022-06-09,64.4446,64.8839,64.1634,64.3391,859402.88867274
2022-06-10,64.1458,64.1458,62.1776,62.1776,776650.90957167
2022-06-13,61.7733,63.0914,61.1231,61.9315,1158955.607355
2022-06-14,61.9315,62.4587,60.9122,62.2302,816295.38380621
2022-06-15,62.406,62.4763,61.2285,62.16,1054471.773851
2022-06-17,60.754,61.0704,59.4008,59.4008,2533068.6364364
2022-06-20,59.7522,60.1037,57.6785,58.5572,1266249.2412634
2022-06-21,58.8735,61,58.6803,61,727254.64122426
2022-06-22,59.8402,59.9807,57.7313,58.1179,1139849.192212
2022-06-23,57.9948,58.5748,56.6768,56.6768,764964.46147446
2022-06-24,57.1337,57.5379,56.6065,56.8525,775817.87032664
2022-06-27,57.0283,59.3657,57.0283,59.2602,910635.94027352
2022-06-28,59.7522,60.7013,59.5765,60.4201,1752722.5377546
2022-06-29,60.1037,61.5976,59.805,60.8946,1105629.7153559
2022-06-30,60.3674,60.8595,59.9983,60.2092,1697787.4688532
2022-07-01,59.7522,61.6503,59.5239,59.7698,947757.39810613
2022-07-04,60.631,62.7048,60.1213,62.5993,812865.35609514
2022-07-05,62.8278,63.1793,60.6134,61.1582,1309997.4580083
2022-07-06,61.5448,61.5448,59.4359,59.5239,969518.84133477
2022-07-07,59.7522,62.0193,59.5239,61.9491,772713.31969764
2022-07-08,61.8963,64.5852,61.5097,64.4621,1194532.7560954
2022-07-11,62.8278,62.8278,61.2461,62.0369,1381298.5615855
2022-07-12,61.5097,62.7223,60.631,61.0879,1292713.0317058
2022-07-13,61.1055,63.4428,60.8067,62.0545,1048518.729738
2022-07-14,62.0018,62.529,58.487,59.0669,1500812.3804845
2022-07-15,59.4535,60.7189,58.7154,60.3674,725453.13695531
2022-07-18,61.4219,64.1282,61.4043,63.9349,1148670.0763488
2022-07-19,63.7065,64.2513,62.6169,63.9701,737593.65972296
2022-07-20,64.3567,65.1124,64.1458,65.1124,1198395.2358736
2022-07-21,65.2003,65.833,64.0756,64.5325,1520343.2814723
2022-07-22,64.6028,66.9577,64.3391,66.6062,1936086.7663275
2022-07-25,66.5184,67.5553,65.2706,67.1686,1260021.9314973
2022-07-26,67.9421,70.0786,67.6843,68.5131,1595327.7999288
2022-07-27,69.2498,70.8889,67.4633,68.3657,4870445.4883692
2022-07-28,69.0656,70.3548,68.0526,69.0472,17191145.656102
2022-07-29,69.0656,69.747,66.6713,69.5445,3110450.3336465
2022-08-01,69.526,70.1707,68.8262,70.0786,1105166.6489984
2022-08-02,70.0601,70.7232,68.8262,70.0786,1281521.804605
2022-08-03,70.0786,70.1522,67.9606,68.5683,1915748.1587898
2022-08-04,68.5315,68.6236,66.3214,66.6713,1487342.4240464
2022-08-05,68.6052,70.0786,63.0983,64.6086,2814628.3269188
2022-08-08,64.9217,66.5424,64.3139,65.5294,1333773.2132929
2022-08-09,65.4742,66.1188,64.4612,64.8296,1313769.4059184
2022-08-10,64.7375,65.8425,64.2771,65.4558,1086257.4530908
2022-08-11,65.7689,66.5056,65.0322,66.5056,820981.40465196
2022-08-12,66.303,66.8555,65.2532,66.5792,831027.28826424
2022-08-16,66.2846,66.2846,63.4298,64.185,1761221.1630027
2022-08-17,64.185,64.2955,61.6434,62.159,1922249.5862232
2022-08-18,62.159,63.3746,61.3487,62.8589,2034043.2978346
2022-08-19,62.5642,63.7429,61.8091,62.8957,2318377.3137792
2022-08-22,62.4353,62.6195,59.7648,60.041,2040913.9394533
2022-08-23,60.041,64.2402,59.8753,63.5404,4428097.5744346
2022-08-24,63.5772,63.5772,60.0779,60.7777,3082904.7835753
2022-08-25,61.4776,61.5144,59.4148,59.6911,1858603.5762227
2022-08-26,60.1331,60.1331,57.1126,57.5547,1941299.9522604
2022-08-29,56.8364,59.6358,55.8603,59.0465,1456725.8806928
2022-08-30,59.4517,59.5806,55.8971,56.3023,1738803.3464108
2022-08-31,56.1918,56.6706,54.5895,56.1549,3549854.3074154
2022-09-01,55.7866,55.8787,52.4162,52.674,2389054.6821615
2022-09-02,53.2081,55.0315,53.0976,54.8473,1936256.9208589
2022-09-05,54.3316,55.8787,53.8896,54.9025,978583.73741778
2022-09-06,54.9578,55.0683,52.1031,52.4162,1372271.3935785
2022-09-07,51.79,54.0001,51.4953,53.4844,1658724.0473923
2022-09-08,53.8712,54.0553,50.7034,51.0349,1731126.9491288
2022-09-09,51.569,53.0792,51.3848,52.7845,1254875.3996674
2022-09-12,53.3186,54.4789,52.0847,53.7607,1159254.3552961
2022-09-13,54.0001,54.6079,51.6611,51.9558,1623880.001617
2022-09-14,51.9005,52.9503,51.4401,52.5451,1416473.933027
2022-09-15,52.6372,52.8582,51.1822,52.3241,1733357.4371777
2022-09-16,51.8637,53.0976,51.3111,52.1031,3647274.727978
2022-09-19,51.7532,53.3186,51.6242,53.3186,1301811.2100111
2022-09-20,53.4291,54.0553,51.79,51.79,1308946.817104
2022-09-21,51.79,54.0922,51.6611,53.4107,1467136.634794
2022-09-22,53.0792,54.571,52.6556,53.7791,1458895.5569934
2022-09-23,53.7791,53.7791,50.4639,50.7034,1363620.9224019
2022-09-26,48.8064,49.1747,46.3568,47.5908,2454368.6715404
2022-09-27,47.9776,49.9851,47.9776,49.322,1742828.8669546
2022-09-28,48.8432,50.4455,47.6461,50.0956,1616457.7105685
2022-09-29,51.1638,51.1638,48.6222,49.1747,1107980.2782751
2022-09-30,49.7272,51.348,48.6406,49.3036,1553449.1379996
2022-10-03,49.3036,49.451,47.2409,48.6959,1590411.821644
2022-10-04,49.2668,51.4216,49.0826,51.4216,1576201.4192064
2022-10-05,51.1085,51.7347,49.7272,50.2429,1722186.5362243
2022-10-06,50.4639,51.7163,49.9298,50.7586,1320456.5263685
2022-10-07,50.5008,50.6113,49.0826,49.3957,1234935.6618132
2022-10-10,49.2668,50.3166,48.7879,49.3589,1104889.7383594
2022-10-11,49.5062,49.6904,47.9039,48.3459,2230289.324712
2022-10-12,48.7879,49.3773,47.554,48.4564,1517069.5955831
2022-10-13,48.659,49.0642,47.0935,48.8064,1707439.6872939
2022-10-14,49.7825,50.3718,48.6222,49.0826,1639809.4218644
2022-10-17,49.0826,50.6481,48.8248,49.8562,1207084.9670771
2022-10-18,48.8064,48.8064,46.9278,47.5908,6602487.8714928
2022-10-19,47.8855,48.0697,46.2279,46.4121,2403057.6731009
2022-10-20,46.5042,47.2409,45.9332,46.9646,3346709.4048934
2022-10-21,46.6883,46.6883,45.9977,46.2832,2327060.3626781
2022-10-24,46.6331,46.6699,45.1689,46.3016,1710019.8428947
2022-10-25,46.541,47.3145,45.9148,47.204,2766284.0730506
2022-10-26,47.3882,49.1195,47.0014,49.0642,3609421.5865926
2022-10-27,49.4326,51.1822,49.101,51.1822,11128647.647618
2022-10-28,50.6481,51.8452,49.9482,51.1454,11695820.362057
2022-10-31,51.4585,51.4585,49.9114,50.5744,5926798.7642992
2022-11-02,51.4585,53.9448,51.1085,53.4476,5046372.7898905
2022-11-03,52.9503,55.2156,52.3057,55.2156,4125726.3596142
2022-11-04,56.0076,58.0151,56.0076,58.0151,3686093.2558656
2022-11-07,58.4387,58.6045,54.6079,55.7129,3016753.5467351
2022-11-08,55.6208,57.3705,54.8841,57.1311,2318835.5737386
2022-11-09,57.0942,57.5363,56.0444,56.1734,2343086.4301681
2022-11-10,55.7129,57.9046,54.7368,57.6468,3289721.1953929
2022-11-14,57.923,60.1147,57.6652,58.4203,3762685.6526812
2022-11-15,58.7334,60.2989,57.8125,59.7648,3789258.2147817
2022-11-16,59.1202,59.82,58.9544,59.0281,2517496.6957574
2022-11-17,59.2122,59.9858,58.1072,59.0281,2831112.6543682
2022-11-18,59.0281,59.4885,57.2232,57.7941,2353414.6540397
2022-11-21,57.8125,58.3098,56.3944,56.6338,1965898.3043937
2022-11-22,57.3705,59.4885,57.3337,59.0649,2282572.225198
2022-11-23,59.5438,60.2252,58.2177,58.5676,2255465.3884529
2022-11-24,59.1017,59.1386,57.481,58.9728,1494462.8282022
2022-11-25,58.936,59.3227,58.144,59.1754,1220005.2917143
2022-11-28,58.6597,58.6781,57.3521,57.6468,2680169.2080266
2022-11-29,58.936,60.0594,57.9046,59.6727,2327528.3959541
2022-11-30,59.8569,61.054,59.1938,60.1331,7364071.4011232
2022-12-01,60.5936,62.8405,59.4148,62.8405,3901400.508021
2022-12-02,62.5642,62.5826,59.3964,59.3964,3689213.1157313
2022-12-05,59.6911,61.1092,59.2122,60.612,1200041.6635305
2022-12-06,60.3173,60.483,58.6781,59.1386,1746398.2993871
2022-12-07,58.936,59.6911,58.8071,59.5069,1149052.0986171
2022-12-08,59.2307,59.2307,57.4626,57.9967,1596182.4221754
2022-12-09,58.0335,58.2545,56.468,57.2784,1653587.6265204
2022-12-12,57.0574,58.7518,56.689,58.6966,1581748.3193784
2022-12-13,58.6413,59.8753,57.7388,58.8807,1875185.6368387
2022-12-14,58.936,59.4148,58.273,58.5492,1630496.5370023
2022-12-15,58.1993,58.6413,57.6468,58.4571,2022209.9831958
2022-12-16,58.0151,58.3098,56.818,57.5547,5231583.6563239
2022-12-19,57.3705,58.3466,57.1495,57.8125,1406129.4202943
2022-12-20,57.2232,58.8439,56.9469,58.7518,1074525.129391
2022-12-21,58.494,58.9176,58.0519,58.2914,1238279.2220383
2022-12-22,58.4755,58.8807,58.1256,58.6597,976091.54166704
2022-12-23,58.6413,58.6781,58.0335,58.6597,750423.48791782
2022-12-27,58.936,59.1754,58.2914,58.6781,564113.66632116
2022-12-28,58.6781,59.5253,58.4755,58.586,1444938.1748652
2022-12-29,58.6781,59.3964,58.4387,59.3964,1235841.3224913
2022-12-30,59.3964,59.4885,58.936,59.157,685199.63023714
2023-01-02,59.157,59.8569,58.8439,59.4885,622141.1051608
2023-01-03,59.599,60.612,59.4885,60.041,1713015.907416
2023-01-04,59.6727,61.1092,59.5806,60.5567,1984806.4143772
2023-01-05,60.041,60.4278,57.0206,57.5178,5503326.3826258
2023-01-09,58.4019,58.6045,56.2654,57.0942,6166324.2951619
2023-01-10,56.7627,57.5915,56.4312,57.0942,4941418.2280998
2023-01-11,57.3705,58.9728,57.0942,57.0942,3229754.2961564
2023-01-12,57.6836,58.365,57.3705,58.1256,2682781.9413496
2023-01-13,58.2914,58.365,57.4442,57.5547,1801855.3559427
2023-01-16,57.7757,58.5492,56.7443,58.2914,1761928.0995751
2023-01-17,58.0519,58.3282,57.0206,57.5178,1914145.334856
2023-01-18,57.4442,59.0097,57.3337,58.8071,2389464.0755375
2023-01-19,57.923,58.6413,57.5731,58.2914,1792687.9849066
2023-01-20,58.6045,58.8991,58.0151,58.6045,1011374.3007684
2023-01-23,58.7518,60.0594,58.5492,59.8384,2076474.6951177
2023-01-24,59.9489,60.9619,59.3596,59.7095,1683956.579185
2023-01-25,59.7095,60.3173,58.7886,59.2675,1526821.1937712
2023-01-26,60.041,60.4094,59.7464,59.9674,1476828.5071581
2023-01-27,60.3173,62.2511,60.2252,62.2143,3706335.9665365
2023-01-30,62.1959,62.1959,60.391,60.7225,2206252.3953251
2023-01-31,60.7225,60.833,59.4517,59.7832,3073184.6771853
2023-02-01,59.8016,60.612,57.7757,57.9046,3738699.7617258
2023-02-02,58.4755,59.1017,57.6468,58.5308,2866170.6271862
2023-02-03,58.2914,58.936,57.7388,58.0519,1465479.5146565
2023-02-06,58.1993,58.5124,57.0942,57.1311,1617370.9727151
2023-02-07,57.5547,57.702,56.7627,57.6652,1621490.9686533
2023-02-08,58.4755,59.9674,58.4755,59.3964,1833259.1942502
2023-02-09,59.3964,59.9674,58.5492,59.1017,1241900.7788264
2023-02-10,58.7518,58.936,57.6099,58.4755,1508748.159401
2023-02-13,58.6413,58.9176,57.5178,58.4019,1162581.62666
2023-02-14,58.6597,58.936,57.8493,58.586,955786.9333239
2023-02-15,58.6413,58.7518,58.0704,58.7518,1026032.1039246
2023-02-16,58.6966,59.378,57.8493,58.2914,1108540.6150975
2023-02-17,58.1993,58.6597,57.9414,58.2914,1087548.6168153
2023-02-20,58.4387,58.586,57.8493,58.2361,671295.45838852
2023-02-21,58.2361,58.5492,57.3705,57.8309,1070410.5630731
2023-02-22,57.8862,57.923,56.6338,57.4626,1755679.692451
2023-02-23,57.5178,59.2307,57.481,59.1202,1770623.0936388
2023-02-24,59.3964,59.7832,57.1863,57.6099,2033234.2843991
2023-02-27,57.6099,58.2177,57.6099,58.0519,910583.17187886
2023-02-28,58.365,61.5697,57.6836,61.3855,6946261.0275737
2023-03-01,61.3855,62.2511,60.5199,61.0356,4661433.3380731
2023-03-02,60.6304,60.6304,59.2859,60.0042,2391383.9893011
2023-03-03,60.041,60.612,59.82,60.4094,1291334.2145413
2023-03-06,60.7777,61.2197,60.3173,61.0908,1400594.465287
2023-03-07,60.5015,60.833,59.9121,59.9489,1977876.0469344
2023-03-08,59.5806,60.1331,59.2307,60.0042,1620389.8416419
2023-03-09,59.3964,59.7832,58.4387,58.4571,1753531.7346319
2023-03-10,58.0151,58.0519,57.26,57.5178,1846374.9852208
2023-03-13,57.8309,58.0151,54.2211,55.2341,3575987.0702659
2023-03-14,55.2341,55.4919,54.1843,54.9946,2605908.2901988
2023-03-15,55.0867,55.2525,51.9558,51.9926,3731776.9957515
2023-03-16,52.4899,52.7293,49.7641,51.127,5509448.8225573
2023-03-17,51.569,52.8214,50.8875,51.0533,6042166.2520394
2023-03-20,50.7402,51.4953,49.1563,51.2743,2894640.2986447
2023-03-21,51.7532,53.6686,51.7532,53.2634,2806216.7590385
2023-03-22,53.4291,53.7238,52.6372,53.1345,1577284.0855086
2023-03-23,52.895,53.5397,52.0478,53.0608,1247723.5037134
2023-03-24,52.7661,52.895,51.2743,51.8084,1580174.8153946
2023-03-27,52.5267,52.8582,51.4769,52.2873,1025886.5900986
2023-03-28,52.8582,53.0976,51.9373,52.4714,1931401.7543223
2023-03-29,52.5451,52.9135,52.011,52.3609,2216694.6412246
2023-03-30,52.5819,54.0553,52.3609,53.7422,2034847.9675737
2023-03-31,54.0001,54.2764,53.245,53.6317,1799845.3104809
2023-04-03,54.2948,56.0813,54.2395,55.0499,1688226.4326456
2023-04-04,55.4919,55.7498,54.6079,54.6079,1427248.4716932
2023-04-05,54.6079,54.792,53.4476,54.3132,1462544.2618834
2023-04-06,54.3132,54.6815,53.8712,53.9633,918194.41371632
2023-04-11,54.4421,55.9339,54.4421,55.7498,2145045.3707957
2023-04-12,56.0813,56.597,55.0131,56.2839,3169869.9271495
2023-04-13,56.0076,56.5417,55.6761,56.2839,2692610.640147
2023-04-14,56.4496,56.8364,56.0997,56.4865,2232111.5053088
2023-04-17,56.818,57.6283,56.468,56.818,1990216.4881159
2023-04-18,56.818,57.8309,56.4865,57.4257,1839267.6121539
2023-04-19,57.0942,57.0942,56.3391,56.8364,1207806.0206625
2023-04-20,56.8364,57.5178,56.3115,56.4496,1668968.6551102
2023-04-21,55.9892,56.7719,55.6392,56.4865,2570895.926192
2023-04-24,56.1734,57.2784,55.4919,57.1126,1697727.1823725
2023-04-25,57.2047,58.1532,57.0942,57.306,2910745.6385921
2023-04-26,57.3889,58.5124,57.2324,58.098,3267698.6551641
2023-04-27,58.1072,59.8569,57.8217,59.5438,2861338.2650551
2023-04-28,59.8569,59.9121,57.923,58.4019,3094222.2842787
2023-05-02,58.1256,59.4148,57.9506,58.0059,2192602.3297099
2023-05-04,58.0059,58.5216,56.864,57.0206,2257362.4978109
2023-05-05,57.2047,58.1256,56.9285,58.0611,1136237.1086151
2023-05-08,58.3098,58.8715,57.923,58.1624,1463846.2848486
2023-05-09,58.1624,58.1624,57.085,57.6744,1681989.9706863
2023-05-10,58.2453,58.7794,57.4902,57.8862,1895117.7732244
2023-05-11,57.9967,58.586,57.2416,57.527,2096806.4515627
2023-05-12,57.4626,58.5216,57.0021,58.2545,2619694.0963233
2023-05-15,58.5216,59.1846,58.3742,58.761,1498995.4752888
2023-05-16,58.715,59.0649,58.2822,58.4848,1504609.7027534
2023-05-17,58.3835,58.7426,57.7296,58.4111,1753348.2134633
2023-05-18,58.5676,59.0373,58.1348,58.4203,1737884.6546438
2023-05-19,58.7794,59.378,58.1717,59.3688,2080403.5684189
2023-05-22,59.332,59.9029,59.0649,59.5438,1539057.3862416
2023-05-23,59.4977,59.8569,58.9268,59.0189,1573795.0114575
2023-05-24,58.9176,59.8476,58.8163,59.2583,1715436.4321778
2023-05-25,59.2583,59.2675,57.3889,57.6191,2617646.043519
2023-05-26,57.527,59.7556,57.4902,59.6451,2686569.6445212
2023-05-29,59.6727,59.8569,58.8991,58.982,1170937.8124126
2023-05-30,58.7886,58.8991,57.702,57.702,2776795.8180908
2023-05-31,57.5455,57.5639,54.8841,55.4274,11729063.755746
2023-06-01,55.9984,57.5455,55.8971,57.4442,2143615.2087897
2023-06-02,57.9875,58.9544,57.8125,58.9544,2776345.1596
2023-06-05,59.0465,60.0871,58.8807,59.1202,2357903.8641632
2023-06-06,58.8807,59.9489,58.6137,59.8845,3541280.9368481
2023-06-07,59.8476,59.9397,59.1109,59.9121,2578587.526411
2023-06-09,60.041,61.3303,59.8476,60.0779,2472676.2655107
2023-06-12,60.1331,60.2989,58.6597,58.8807,2399483.896972
2023-06-13,58.9268,59.3964,58.7518,58.8807,1728736.8302411
2023-06-14,58.936,60.437,58.936,59.82,2851409.6612429
2023-06-15,59.8569,60.4094,59.1294,60.3633,2747465.0088413
2023-06-16,60.4002,61.6986,60.1884,61.5328,7095450.7065352
2023-06-19,61.2474,61.8828,60.7869,60.9619,1632394.7322844
2023-06-20,60.8054,61.4776,60.6396,61.3118,1578000.7953977
2023-06-21,61.054,61.7815,61.0264,61.6986,2429224.0995976
2023-06-22,61.6434,61.938,61.2013,61.5513,1927858.3840675
2023-06-23,61.3487,61.5144,60.2252,60.4738,1683337.6024626
2023-06-26,60.6028,61.3763,59.9674,61.1092,1136600.89318
2023-06-27,61.1092,61.5789,59.5069,60.262,1416706.3207789
2023-06-28,60.658,60.9803,60.041,60.483,1013214.9420745
2023-06-29,60.7685,61.2566,60.5199,60.8422,1152444.5254255
2023-06-30,60.3173,60.5936,58.9636,59.3135,4023877.5406762
2023-07-03,59.3964,60.4923,59.3964,59.9397,1803687.3098562
2023-07-04,60.0963,60.5015,59.6819,59.8292,1036920.6646186
2023-07-05,59.8292,60.2252,58.6321,58.6321,1871791.0381822
2023-07-06,58.4755,58.9728,57.8862,58.365,1862812.617935
2023-07-07,58.5124,59.774,58.5124,59.6727,2329425.5053121
2023-07-10,59.7187,60.3265,59.5253,60.3265,1155209.2881189
2023-07-11,60.7409,61.0172,60.1884,60.9803,1661271.6252708
2023-07-12,60.9803,62.2051,60.7869,61.8828,2293064.4236049
2023-07-13,61.9657,62.5826,61.6157,61.8275,1696033.1408164
2023-07-14,61.8275,62.1959,61.3026,61.4592,1764071.713698
2023-07-17,61.2842,62.3524,61.1461,61.5605,1437816.6847852
2023-07-18,61.6986,62.4445,61.6434,62.4445,1649218.9539691
2023-07-19,62.6195,65.8425,62.4629,64.8664,4223973.1683974
2023-07-20,64.4612,65.7412,64.3691,64.7191,2286787.7824549
2023-07-21,64.7007,64.9585,64.3968,64.7007,1619854.4810732
2023-07-24,64.8112,65.6676,64.8112,65.4926,1643354.9639673
2023-07-25,65.6399,65.8241,64.7743,64.894,1574431.3629651
2023-07-26,65.1058,65.5663,64.3691,64.4796,1244484.1921994
2023-07-27,64.9217,65.5202,64.6638,65.1058,1328128.5799542
2023-07-28,65.1058,65.29,64.6638,64.8756,1371740.3767062
2023-07-31,65.1058,66.0451,65.0874,65.8333,2040107.097866
2023-08-01,65.7505,65.8057,65.29,65.4742,1128202.3563886
2023-08-02,65.3729,65.3821,64.3323,64.3507,1978751.3017383
2023-08-03,64.3691,64.4889,63.3101,63.8903,1872456.7096398
2023-08-04,64.7651,65.1519,64.3231,64.848,1731368.0242734
2023-08-07,65.244,65.2532,63.9455,64.0653,2423925.8760386
2023-08-08,64.0929,64.4889,63.4114,64.01,3001161.8488748
2023-08-09,65,65.46,64.24,64.89,2653791
2023-08-10,64.9,66.52,64.86,66.25,2236208
2023-08-11,65.54,65.78,64.56,64.57,1769360
2023-08-14,64.55,64.59,63.81,64.15,1006257
2023-08-16,63.88,64.32,63.59,63.86,2460390
2023-08-17,63.85,64.2,62.36,62.8,1687370
2023-08-18,62.7,62.8,61.37,62.57,1966521
2023-08-21,62.57,64.42,62.57,64.04,1433804
2023-08-22,64.27,65.17,63.95,64.31,1596261
2023-08-23,64.16,64.66,63.53,64.16,1366324
2023-08-24,63.2,64.26,62.4,63.66,1812151
2023-08-25,63,63.6,62.5,62.56,1413646
2023-08-28,62.8,64.09,62.6,64,1079066
2023-08-29,64,64.15,63.18,63.52,971842
2023-08-30,63.5,63.88,63.09,63.58,850551
2023-08-31,63.58,63.9,62.65,63.05,3924671
2023-09-01,63,64.19,63,63.56,2130194
2023-09-04,63.59,64,62.53,62.53,1901548
2023-09-05,62.55,62.9,61.71,61.79,1424624
2023-09-06,61.8,62.1,60.3,60.5,2020062
2023-09-07,60.33,60.5,58.1,58.46,2428298
2023-09-08,58.7,59.09,58.28,58.63,1590304
2023-09-11,59,59.5,58.26,58.48,1506178
2023-09-12,58.53,59.3,58.51,59.21,1936706
2023-09-13,59.26,59.64,58.85,59.11,1974131
2023-09-14,59.45,60.38,59.28,59.82,1935913
2023-09-15,60.2,61.2,59.75,60.38,4660339
2023-09-18,60.5,61.18,59.41,59.71,1499178
2023-09-19,59.88,60.06,58.69,58.81,1624800
2023-09-20,58.91,59.29,58.41,59.27,1772117
2023-09-21,58.8,60.2,58.48,59.6,1886161
2023-09-22,59.6,61.09,59.51,60.8,2683707
2023-09-25,60.8,60.85,59.68,59.97,1779160
2023-09-26,59.5,59.68,58.75,59.27,1628982
2023-09-27,59.5,59.81,58.22,58.28,1462972
2023-09-28,58.24,58.91,57.8,58.2,1816079
2023-09-29,58.42,59.38,58.4,58.7,1577073
2023-10-02,58.72,59.07,57.74,57.74,1653008
2023-10-03,57.7,58.22,57.14,57.84,1798722
2023-10-04,57.7,57.95,56.97,57.25,1767070
2023-10-05,57.5,58.1,56.01,56.07,2384296
2023-10-06,56.07,56.18,54.43,54.6,3179207
2023-10-09,54.8,58.18,54.7,58.1,4059546
2023-10-10,58.49,60.99,57.56,60.68,3774238
2023-10-11,60.7,61.95,60.15,60.65,2577905
2023-10-12,61.04,61.48,60.12,60.54,1576337
2023-10-13,60.66,62.5,60.54,62.16,2515773
2023-10-16,65.81,68.6,65.04,67.46,11274321
2023-10-17,67.46,69.16,65.3,66.5,4840157
2023-10-18,66.2,67.18,65.66,66.45,4668094
2023-10-19,66,66.33,64.66,65.99,2672950
2023-10-20,65.4,66.52,65.01,65.41,1920339
2023-10-23,65.2,65.6,64.53,65.06,1479503
2023-10-24,65.05,66.42,65.05,65.61,2488231
2023-10-25,65.66,66.6,65.51,65.87,1654028
2023-10-26,65.56,66.25,65.12,66.1,1725591
2023-10-27,66.3,66.76,65.86,65.88,1621479
2023-10-30,66,66.8,65.3,65.6,2149790
2023-10-31,66.27,67.96,65.8,66.5,3633720
2023-11-02,67.5,67.59,65.88,65.88,2776246
2023-11-03,66,66.25,64.92,65.56,2297599
2023-11-06,66.5,66.83,65.95,66.15,1981523
2023-11-07,65.9,66,65.02,65.1,1458627
2023-11-08,64.88,65.32,63.8,63.8,2028348
2023-11-09,63.83,64.35,62.55,63.25,2089108
2023-11-10,63.23,63.39,62.04,62.16,1689196
2023-11-13,62.57,62.96,61.66,61.85,1568499
2023-11-14,62.06,64.44,62.01,64.27,2072087
2023-11-15,65,65.2,62.96,63.23,2376026
2023-11-16,63.3,63.64,62.57,62.6,2193694
2023-11-17,62.6,62.74,61.83,62.26,2171296
2023-11-20,62.3,64.4,62.3,63.9,1509847
2023-11-21,64.12,64.48,63.3,64.05,1677911
2023-11-22,64,64.19,62.43,63.01,1687650
2023-11-23,63.32,63.63,62.72,63.07,1376689
2023-11-24,63,64.32,63,64.2,1200671
2023-11-27,64.2,64.2,63.5,63.87,1498548
2023-11-28,63.8,65.16,63.71,64.71,1961930
2023-11-29,62.77,62.9,58.4,59.6,12357254
2023-11-30,59.91,61.2,59.02,59.04,6381366
2023-12-01,59.1,60.7,58.61,60.6,2382569
2023-12-04,60.56,60.8,59.7,59.95,1506962
2023-12-05,59.8,60.87,59.7,60.33,1777221
2023-12-06,60.58,61.67,60.3,61.31,3489026
2023-12-07,61.29,61.29,60.26,60.66,1408645
2023-12-08,61,63.13,61,62.01,3561097
2023-12-11,62.05,63.54,62.05,63.37,2112806
2023-12-12,63.88,64.12,62.33,62.65,2686987
2023-12-13,62.5,63.32,62.23,62.4,1848265
2023-12-14,63,63.34,62.19,62.19,1961958
2023-12-15,62.75,63.66,62.22,62.24,11322359
2023-12-18,62.34,63.15,62.25,62.99,1759439
2023-12-19,62.99,63.68,62.46,63.14,1998153
2023-12-20,63.65,64,62.72,62.72,1545273
2023-12-21,62.68,64.2,62.46,64.2,3004614
2023-12-22,64.25,64.65,64,64.46,1320539
2023-12-27,64.47,65.56,64.25,65.45,2824504
2023-12-28,65.57,66.64,65.5,66.11,2781493
2023-12-29,66.15,67.17,65.5,65.5,3142868
2024-01-02,65.92,66.78,64.87,65.5,1788865
2024-01-03,65.47,65.48,63.64,64.65,1947154
2024-01-04,64.67,65.46,64.35,64.35,1944386
2024-01-05,64.03,64.65,63.46,64.31,1659655
2024-01-08,64.03,64.18,62.51,63.1,2119961
2024-01-09,63.84,63.87,63.13,63.14,1181502
2024-01-10,62.99,63.43,62.56,62.56,1181504
2024-01-11,62.81,62.91,61.8,61.8,1590747
2024-01-12,61.9,62.57,61.5,61.65,1067024
2024-01-15,61.75,62.02,60.66,60.84,1147652
2024-01-16,60.55,61.24,60.15,60.56,1036337
2024-01-17,60.35,60.49,58.5,58.6,2844316
2024-01-18,59,59.57,58.3,59,2907307
2024-01-19,59.67,60.27,59.5,59.94,1842601
2024-01-22,60.39,60.59,59.83,60.01,1233116
2024-01-23,60.37,60.47,59.49,60.05,1800508
2024-01-24,60.58,61.25,60.06,60.71,1397204
2024-01-25,60.9,61.17,60.31,60.47,1009831
2024-01-26,60.37,61.1,59.89,61.02,1286582
2024-01-29,61.02,62.37,61,62.3,2747095
2024-01-30,62.32,62.49,61.66,62,2755482
2024-01-31,62,62.86,61.86,62.66,1467211
2024-02-01,62.45,65.8,62.05,65.55,4654372
2024-02-02,65.76,66.45,65.2,65.8,2752572
2024-02-05,65.8,66.64,65,65.42,3073800
2024-02-06,65.51,66.33,65.28,65.84,1636451
2024-02-07,65.9,66.45,65.5,65.87,1442710
2024-02-08,65.87,66,65.16,65.67,1793512
2024-02-09,65.72,66.29,65.5,66.05,1996658
2024-02-12,66.2,67.35,65.82,66.95,4029834
2024-02-13,67,67.78,65.93,66.1,2213795
2024-02-14,66.44,67,65.88,66.9,1042642
2024-02-15,67,67.45,66.5,67,1891710
2024-02-16,67.1,68.15,67.1,67.83,1870487
2024-02-19,67.84,68.87,67.32,67.67,1756624
2024-02-20,67.64,68.05,67.1,67.89,2421278
2024-02-21,68.05,68.3,67.28,67.61,1877853
2024-02-22,68,68.46,65.27,66.11,4861228
2024-02-23,66.11,66.97,65.56,66.12,2185340
2024-02-26,66.18,66.53,65.4,65.46,2261172
2024-02-27,65.46,66.67,65.3,65.98,2297423
2024-02-28,66,66.18,63.85,63.88,2219026
2024-02-29,64.16,64.4,61.91,61.98,5261753
2024-03-01,62.56,63.5,62.22,63.14,1221512
